structure_id,status,n_atoms,stderr,template
7GQU_WT_prepared,ok,4319,,7GQU
9MJT_WT_prepared,ok,4349,,9MJT
9S18_WT_prepared,ok,4367,,9S18
9S19_WT_prepared,ok,8377,,9S19
7GQU_C727A_nolig,ok,4124,,7GQU
7GQU_C727R_nolig,ok,4135,,7GQU
7GQU_C727S_nolig,ok,4126,,7GQU
7GQU_F730L,ok,4123,,7GQU
7GQU_G729D,ok,4130,,7GQU
7GQU_I852F,ok,4129,,7GQU
7GQU_L528S,ok,4125,,7GQU
9MJT_C727A,ok,4189,,9MJT
9MJT_C727R,ok,4200,,9MJT
9MJT_C727S,ok,4191,,9MJT
9MJT_F730L,ok,4189,,9MJT
9MJT_G729D,ok,4196,,9MJT
9MJT_I852F,ok,4196,,9MJT
9MJT_L528S,ok,4190,,9MJT
9S18_C727A,ok,4152,,9S18
9S18_C727R,ok,4163,,9S18
9S18_C727S,ok,4155,,9S18
9S18_F730L,ok,4151,,9S18
9S18_G729D,ok,4159,,9S18
9S18_I852F,ok,4157,,9S18
9S18_L528S,ok,4155,,9S18
9S19_C727A,ok,8206,,9S19
9S19_C727R,ok,8219,,9S19
9S19_C727S,ok,8208,,9S19
9S19_F730L,ok,8207,,9S19
9S19_G729D,ok,8212,,9S19
9S19_I852F,ok,8211,,9S19
9S19_L528S,ok,8207,,9S19
